id,x,y
dabe79bec87c88ae04e869bf6bd321ee5e1893cecf66255be9ea861a9e5841a9,-1.0316713116507301,-0.2956728132612037
32e5f4e10932153a7ba869cb0386e7e02d49d2461046b866411556d2af150702,-1.0154509931297206,-0.2157512638662485
a95d6f30bba445bd3d6b0c5b36f865b38ec01d1733609095d359649cfedf15d1,-0.9602079373244545,-0.07711898667752758
6cb309685cea0b6d2988818792ec2e6fcb2bd02e0afa9e74532d5040fbc933b8,-1.0051964828714417,-0.1873205641248455
f72aa7fa6787b0a5a1c88885b6120850df8ee0f71adc251dfe8d321e9e6de7f5,-0.6305257670607168,1.3217278974339428
f7e2894dce5dbb49662da50c55bcb96cdc3d34188abfe82d54ab6d94e7244d0c,-1.0311415650557227,-0.25920246418878334
f0c84600cbd2e126ee8314d22816368f33207e723a6ae7ae781582b320c29e4e,-0.9445975041176282,-0.039487253209758204
d0f8bc5c0e71600d303cacebb3e8e6fd9195322b2c1b15940863e2e980bb17a5,-0.9593638283972633,-0.11294627545532827
b9b02480a757c3cc5054d6c01e44df62b22ea1328a874374abd49b7197b3d91c,-0.6926987986855018,1.0915550542626546
7d58990ba786a3a26617a8afbf814a9919ab34aa09013a559b2c9d45eb439720,-0.6494240240893624,1.2435970670494259
d37003c6e5d299c3fcd45f36ec6c26d39770f1d52edc415583f283c05bdd3f26,0.43002534070733717,0.8855811842702455
ca01d4352d5e77b8083bf9726ffdac787edff95983a2b515e9f8ad4d2bb1b1ca,-1.0202937078784924,-0.24369091734291556
43ab1321903c5c982e7236a4d6a07dad71b3146cdfdd96eae2af74fb67105f3d,-1.0199401386551932,-0.23572857855306134
fa2a153f8449584ae3f0e8252a56fa4309509506c921c3e1a4236b3f28cdd04a,0.1725828757546468,-0.27040986913155024
e07a41f29767241650ff6953e236e8647c496b4e6a243fba513bea56698bc71c,-0.6588457467979949,1.241416885067637
48a35ddd6e719389772bad36c40baac6c825b9889efdc5d59b5628692cc89a96,-1.0182154898063018,-0.2762667240695906
6acb7ad626bce2a3573df9be04af2b405c84dc630b9087030031e40e9fbb08a4,-1.0002854697080126,-0.1570647044847695
7916d9657ba20f9da81d02b21c76cc1b9fc001050a5c522a874f65e12f94cc19,-1.0164581229237333,-0.2121505054170578
5b99af37fce3644d9aaff1bd8a00e5b3d66f0dcd52b687dcc0f47aab325964b0,-1.0169052920655626,-0.24100572529956701
013ce96aef919fb847b8f0cfc882a1ebad64e291e78ff61a1988ac3d30c0fe39,-0.9417640368268771,-0.014134534405520111
92ae6033b7b0586433228a2ae7efca4fb7d671d974a01710d270abae2e365f17,-1.031562380944681,-0.29321970612113935
fc6969bffd9f104e3a148ad7df64b338ca885dd6a5aa5153b4754bd55746d638,-1.020202116851917,-0.24162829781711023
17bd634cc590c6c679021bc42589830a90a3d226ceee226b5ab414d5aa8210bd,-0.9731260830716839,-0.13925319720800844
94fed6590e85e554f490474fe2bcc1c1c2d76f97e1292070a225ab95e118e83d,-1.0163199099886377,-0.20641425122973847
86eedaf368b0bd272cc9f80c6693b58f16b4a484f9c923e9e8b0fa54d887817e,-0.958808502620939,-0.10044040198427763
cdbe1d8ae7a9c080dc025b1b33ad91f097858def5c889d3bf562a1fb59060005,-1.0285267523015837,-0.24939820938789722
1a0b6e6ba9f28cb1137378e2d4805662048e78c333a2abf87f73e9a0776dddeb,-0.9479324873923074,-0.059754172102546396
d4d6fe6beaf3011c6771ecb4dd98a4135184b7304736f4f2cb05e90a7ba6dfc7,-0.717465950759946,1.0833088318987334
1e929082659e29d649d0f784b1ef6f6352d5984beb33fce91f60f62b967cd4dd,-0.9538780750236859,-0.0384887636649348
9802de4ba08fec9c7c4a1efa61866071c10cb63df0a2ea9be8d935c64544240a,-0.9577698709075605,-0.04988630321663728
0a05ef343496299e9f8c54cd951796c3f5a13dee93aa078c6d0cb9342960480f,-1.0070135406411116,-0.22824049891967554
5ee721ecd886602f91ac30987582247982b4f437cae06f20e9196b8fc79fbf5a,-1.0062248062911108,-0.2104782908538578
26bdeb6de15f66ce158b7ddd473860352b48e7693be2edf4ee8ab4abdce615e9,0.4990938681730101,1.1330594118220962
b9ae0d174f9350b72b99f3e87e86c9c5824605606e38733f350e0f46b91fe760,-1.0179333307911795,-0.22083150334067325
d0f329d962ab584908e1f88d29a784f4efb87eba4349c2910645a1041e8d0380,-1.0316528796182904,-0.29525772598211963
4c43f4afaf4b1d5b08f83ecbac8128b8113a9c526afe61028a8108dbaa615211,-1.0206465905773592,-0.25163779568046907
e5aeb8197c61261b80d66f1da4e3760e240a1f5557208afbde7feb16ffc6440a,0.18566716094520216,-0.21793060343369583
d4cb950ffc7f6de0a38403a590bff553a03185b1ec9dac998e7b8f3e6e29d647,0.496533991108793,1.068968135686146
970bd8cf79092651d11054505b5801b198e4b32c065873874631b388525663f3,-1.0147932558016945,-0.22373891846252655
4e015f4b6f401dcb9e258517c44438e3327e6c64d8c59344f2c72531ab1665b9,-1.019841982238471,-0.23351810718610472
3149cee2c71cee081f981fdf2c380c25196d4573fda4356cc25c1ec30057ecd8,0.10709519351111414,-0.45471468033646223
ebc94004353350b0c584663d0c669251e5fb1098b75386efa878d0607097a3f9,-0.6942822088944584,1.1083411177338431
f8508866dc7f78b0304ad63393372107a1cfb7fc458da5e18770e4125a6909f0,-0.6463118163565329,1.2646026003319477
2a0a6aabfe7b142216318234bbfdef94db20250fe952227bedc3b495331e0397,-1.014550719788251,-0.20439835396391687
9e3e4ebed442ded90bd38a5e75a7cc24acc849412a585e5dfa945a691da8aaf9,-1.000361167687022,-0.17454199361615058
eb894876806a6fa11b677e686d75a11421876d8597fd06d96f9db41018e30ad8,-0.6927840954618867,1.145528027368895
ac1232d6908cb853de36cf3c309a21b9bf866186ebfcd371e8d026b8ae8b5242,-0.9595513482286296,-0.11716920078016879
2bd4866906c6922cac3548420e09c791ce275dcefc9c9b36ce04108b86adadd3,-0.649876988768903,1.2088558380010155
f7bdb72b855814f27fef38d8ca5113816193a18d60abd4b5672a71d6e11b4b7f,-0.9441345262349573,-0.04107043181177336
0d2a807a3ca7367640f13e08d9faca46308b14dfaf68652756f5e14655d5ea8d,-0.9483746498582989,-0.0697116206653307
b356c002b4bfe5c3a4419806cdfe5f3fa7a50a4b8abb38042aa1add5d7961cab,-1.0170389372753414,-0.22523037871136953
d7cd78925af3dc43805480a0538fd6dfc387dbab810be4bbade73a786065372d,-0.6434985253629089,1.2811749314414973
cf9c35a05bb829d2437d73d04bff2adb24ee0ecc4e6e4fad1a9e19815d857ce6,-0.9593201120891697,-0.1119617891574673
fce916eda8352976fde45d790bdc0898e6df1649d84ec73d1a4a348ddd039f9b,-0.955902591999545,-0.05954014038092837
a5feb3a3afbcee6634a01e238b32c96bc070ca5c5a45d0ff10fb29c3404df217,-1.0162553207314453,-0.21934482684315698
5e0dc52277e30c08cf1f616ee753fabc986b8c29710250a04b4c990f12ef5c92,0.47846443893962076,1.043823375490323
8bcb5b79a16e520a2856a177c7d392397dc308134ba8ce69d9573bf729f9796c,-0.9705524884969963,-0.10583665526920154
ba804243794a6b5b94d0877d55c4aea72db7932c92a551ecd96515c6684064ce,-0.7075130184171273,1.0974517945670363
65ed01d715525139c8eba232100425a81d6f76ee4c7dcb9edbec999be82fa0ab,-0.6879408828471061,1.1447303387403527
cc829430552a38607ced5837df71617a8e461a3bec72e97f7cc411dde7e594a4,-1.0312519576150576,-0.28622900796117184
20692c6153444e1ae5008d0df10a11cd28ac2815639964c7a9937121aa5efe2d,-1.0172136135773295,-0.22916406921193877
48154785fecbdbfad629758adcb2fd3231aaa8b874ef8e9cb3e94bd85941f9f8,-1.0173671366322121,-0.2288585060438147
b788cced85dc8ad7f33df1b6d5871d3e30582eba82f4147423719d29b977d426,-0.9574505429452191,-0.045318788309998755
d43c91cebbbd8cf2b305111f14ec83711c9eccc68e6c6c04b21532840f53dee7,-0.6585978924856897,1.2469985360571905
6fd05c966ca466896b74a0e10a0a67fe1f95810fbfc04714a99c880f32f19844,-0.9484673217049862,-0.07179858013742822
334606a197541d23118018ca9f49271f6795aee4f3e9667163947b862cb659b0,-0.9726001676088972,-0.12740964066069582
32c43e47b2daf8f9a3176266ac0e9ab3de8fdbcb3b45ef906a8ea35927050ed3,-1.019313895235714,-0.2461661636672665
1b4ae7ec9748fdd5d11f8ce47e04028a3788d5967ec7d66b94ca5086ac6d6ec9,-0.9683679376793525,-0.08118133459496767
b5065c017558e45d9fe978a8392171eba7bb3d42f4531cfecb0c8a66b2d95c4e,0.10916966763096066,-0.4873748004451043
da2e8d00a2a0e551d33f566287de478166a5cfa224a123afb40c6ce8c43908e7,-0.9614997978897866,-0.08167102416160012
3da19874178c3df13eb26187e5438c4608a3dfca43bc7886d160b41ae11fc3b5,-1.0161348571978546,-0.20224688337888821
fdd5fc4e54d537cf3c6932bef7fe97374713b9d4d601bc5b33be1146c6c50cf6,-1.027029385016877,-0.24021818390196942
8bf9b8043991c418e97721eff8d2e84a72d69d237c9246133b3c01a057874a29,-0.9589296823058425,-0.10316935473828028
04733e715bb250f821843f81fd1c7aa310c43242899d5181d242236693a2698e,-0.6374552645759257,1.2566789627663857
187f3b0cd730f78d0535b294b5043a2110fe50bd51b1f538d5aae0930ba00583,0.12462365121715306,-0.42957700161446205
cc72dbac2fb4b8bbb08974296a805252184c13f1c289701e405501402ca867ee,-0.9583877070980037,-0.06642361869245218
90142009354bb84542af67bfaaf94d4e78a2fa0f1058bfef59f25b2a831ce298,-1.0165290011837713,-0.2137466757906972
1c92be4725bf594b5a133bde1b42fc05a69349825e1983a61db101c9fd8c0d2f,-1.0067002767248874,-0.22118583107176462
911cdae516f43beed1e7e6e8b7781adeb306f03e1246c8a99dee832fd510d825,0.43341115199108005,0.9196883267889124
337601c31f87b8469f2d48603e438597e91c52ce772a4b00fb58d4b00e665554,-1.0160013299311523,-0.2509446107800047
4c565b049273bf6e5021624c5f14508a80e1b4caf72481d3d15e8342bfe34b1f,-0.6352524413706317,1.2791220609654361
b643a5631c59016ee81de6219d31abdeda38ef7992e266f4c547b5ec519ca8d9,-0.9474375837466024,-0.048608998157058915
160046e34dae0f72ad2ba2d27828806691d299f058dc1542b3559a586d10c053,0.09610917910672616,-0.49787802812368476
af81b73dae8afd94153a8d17cfea8717db8dda6039c8524fd5ce5c4cb00f9f95,0.1685378168739285,-0.30666761010138965
cc8cdd45664408ef91bf8aea03e8916a02778fbde133c360c16e3902c9aec107,-1.031293069890277,-0.2871548517341812
069b714f5a6d5910adb03b228a168369d1bf8f7843ab283f3d15a2f100d20c2a,-0.9618554180663424,-0.08967955018608573
92aaa89979b4d01eab9fb7fb3349e9d72beb1b5f228d103a91a1bd60ced713fc,-1.021032403288512,-0.2603262541581838
f44809e29d441d6b4ff70c7ea15aefdd6173122b8520212a8e80cb3a9dc941b4,-0.9585289772932978,-0.08839002900874939
7ebcb0d844dbe8a2e6116e3a5c85b48a8191aa71fc08cff4ddadd30979519db5,-0.9591333435793428,-0.1077557835084386
da8141d1522d78e80641fce7fd42b93f6301d6b954b65a04371e9d0bc602584a,-0.9617938436213969,-0.08829290067264729
b1b6dc01125d8522a0aa4283470c908803b70927cb41ac9a838638820ef3373e,-1.0164632600316188,-0.20964247793201313
814fad17a28f2b68ee112f9c38c4584297acfeea2eda78a90a4aa59389e07f58,-1.0294099867987974,-0.26928855004617885
848419d907ddea9937f20bcd167f5701cb85b2be3a3a51ee9f97bbe20bc513b9,-1.0163092693182163,-0.20879833911096443
78a7196491ef0ba187d6ad4aa6c55b0bb0029ed9cc14ace26eda4812b0eafc13,-0.6295451957407012,1.2953053034844784
29350cdab0e263cb6939d12a39e7b93b9eae880e70c4dcde249b92a5d8e632cf,-0.9699674818232031,-0.0926623713549928
d5749a6b6e948213a5504c3a58016623cc64f7a3f9898a68f0a4a934402d7c54,-0.7035944436673549,1.1120761057119504
95098c4fb720069ff3cfece90c49a6d0a3b6bef5023f57ba0cee32b4b225e6fc,-0.6938578987234331,1.1139254804353311
5255a068b9032d1493bf37e4eece07c880ba92e245b50b68a46661ec115db067,-1.003841523252471,-0.2116435532890346
677179cd5f36a26e6e0be3fd643a5633697e516c42915c8cbf2169368242ff01,-0.9576957910696409,-0.05084174824413245
538e85e7d3f5403ab57ca451062072d8f53210f6d7d6696f2b09ff2558d694fd,-0.9576132155995658,-0.04635844345598055
7f77ee89cfb23a3b235febb461c111e750373a9f036aa8d5dcc6b6fdff5b5b9b,-1.0066217339725314,-0.21941705720081012
2448d2c8cbf13906e658fcbc669b88be2e11648be80124adc14024fd725e2c1a,-0.7061419286360515,1.1144124536488342
e4dd4bddc0d2856e8c52205c48da024a1016ce42e0390c73c3218905f31ba437,-0.9592662930732032,-0.11074979102464269
1ac69a3fb58d7798e81fdbc1b07eb2cd64abe347b7334255194eb1229f8d48fc,-0.9607360629743815,-0.0890123163884565
af1374817994ade74a15d55e35cb8f694a9e704b656e29eef395f2fd0cfaf707,-0.9482240058898961,-0.0663191355901842
ce152be28f415bfbf80d8ecdb200bd934b3090e64f2eb69aceaa132d1b78386d,-0.7091665928625935,1.0847540015453345
6cabb5a0aa5a1c0f8605d8a4d8c1218cf9127602d2e017a2ca0ac3d381a67236,-0.6920981692140671,1.1459764475129117
c1368c65b5cedc9395e88bfd18cf3713599b6a200ac0c1704d28690419fe460d,-1.007035081878525,-0.22872560514197898
165be600a8ebd90e654a37bf4028a1ad40f343cf238caf834a713c315af01661,-1.0290210776237168,-0.233691474813541
8416b76e3218b302a80eaf4b01c2cd5ee23b981bd735b228c67ea89571683123,-0.9562080886460796,-0.06641989019675443
54f98ff5b6794bf8d49f00dc3b692cbc0383b5ec8e69acb7bceb92b25ee8dc3a,-1.017147966117205,-0.22768569585882725
4934c67f3af36ae8c9529488fe6e9535691731d002f1f54f9a920561373400c9,-1.0202338562570166,-0.24234306561853838
7cee8c5914de3fc4780869cd13b34223bc2ed0075de67724015559b516b527e3,-0.948329070509034,-0.06868517889168652
64db2e1f7859ce8c75eb315934930fdadfb2327069da08ecf246719fce015014,-0.9430980495078601,-0.013140324864062261
285adb974703640fe60532fb1bbf4ada385f675a65c00629aae21c75fafdef17,0.10727043049445549,-0.4507683633554281
8ca4e4affb9888154068dac9a4d520b0e200e23e43bab77b52b0a6f08b7c2473,-1.0254275446981715,-0.22638706866834554
26168a69f1356dbb2de2eb8b600a845e13ee07807614d942ecb50adab80ae40c,-1.0042070889368304,-0.22197804702836654
53522045075c0f516965f1d65e1db5cedb7c179471bfa69f1343608a3997eed8,-0.9588415707410952,-0.09542959798375444
4bef326f3b0f97df06c14b22515abeb329b86a34c2fc9a2d89db6d2baaa9ad3c,-0.736193058889807,0.9942749883895198
2f505e18c200f48e3e358568c89a1d9d2067a54885777be41aac59d4de84daca,-1.016981075745868,-0.22392734363306166
56350c41962cfc845300fe4058535eecadd5273f9ad5010f506cc11be287a276,-0.9569314293925077,-0.06488833950293033
e41515b01fa5376e40a35ef6f96fa457444b0fec005f3c31508080cfec545e48,-1.0175453780354364,-0.26117588302603467
60a79775c78290c612464e9819d82cfdc20983ec7392757d64d784d8a81c4d0e,-0.6306584438565134,1.301871683160641
d02ca50913607dd2f6e3c514a42cb69179b3f0d9631f73ea3ac7dc071128f5ee,-1.001097935761721,-0.16659341119645812
4f18ae9b1ac22584f4d779b1487a26089057536f72191a2bb7fa0d2d789b1c41,-1.0293377451992791,-0.26766167742214414
9efb64d9016489022eb06941a8a989c3382d21266a60f48fcef5d871d25e6d45,0.16832937687886584,-0.3113616551389052
72bd30d7a96f84904e493135bd4c0f9c31bc3944f5c35c54111f82ba021851b1,-1.0145270801202362,-0.2177446723185394
790c5fd499a073463497259d2ccb4ab40456bb7daf5f22a2c7242d130fa05b24,-1.0177508606471233,-0.2658033281254948
0ec95a8306041a7efdfa274f378fe7e073a12ef54327b527fc37aab71279b225,-1.0313738592022537,-0.2832187235586267
5dfb478a5de80d0ec16009f7737321442a6a5484beb809208ebb36ab30858b53,-0.9721822717340305,-0.09345815711435218
d66dc4f0c072fc982135d83d7e93f47ccdbaec3ba12d76510b9398cac23e4246,-1.017755361964144,-0.2110681712353627
1e268dd48c5677f0c49a885fdfd66a47bc737678964f5df2e363982567829c00,0.16514658628714823,-0.30941619053247477
87646a578580420c5d7d44e75ead153249af0d09fa809172543b4a18b974afbd,-1.0026932124833574,-0.1834853561888693
2be489bf8b056c634f8bfd2367d09608b4421e5911fc12b8be9dc3f0b5511eaa,-0.7064127218487204,1.0731493167145512
3e6acc1972e3a01e300a2da3ab6d40045757190ca3de97448dac68cc3d6ee3a5,-0.9608669020301119,-0.07483890054122061
4a79769897cec9e8c6effbdda1739fa7c8bb749fac021332a7c25b25be4f0526,-0.9458424481840458,-0.09206376818622261
f40aa07daceb4f3f18d3091819d88540b9032a11cb4696063bc9cdb7e35f79e0,-0.9553415341112788,-0.046905180399361604
984c02768b5da8f8fd0300e1dade95e4b0371e5f30c6a53438e5a9c3e0de3d6e,-0.9730235627845545,-0.13694445197464
0c7fc91f2a93428c54775ca70662b2727d1af510e4e43b61f221504bb5aaa271,0.6827629730117326,-0.40426050938073
8c2b10f81073927410b5e86f81090df3aebfcbe159cb24cf2ee026e411e11330,0.1804704902931551,-0.2782370621552219
bee92f7d793051acada2100e920a7b77b97acb38340de457a013a624a6555bfa,0.6219653124656676,-0.594156258494787
3c3adb06c84a339ab046c24b5cd4584c0416f36b2026c3c86a2f3ab1e65a7287,-0.6349828691584141,1.3097333124589323
a637b146cfbd16f78c61f9b65f2f00b63532facb190fde46560050a791d7ee47,0.1827586914784938,-0.2700325685094512
289a386a33a42c38715da94be8e1571f2e7ae18d1ad01341d94a325b9dfaf0e0,-0.7067626200503357,1.116649049517298
75c019b2aba766ed49de422f27de8eff06ad782bc25eb683088bac7428ee7396,-0.956436431918132,-0.07635940716834087
ff633fd9711d44def1878bf872343c4c32ca97a3e2c290ab7214d5e6a99cab26,-0.961659905664971,-0.0852766330916265
7e4e65d124b2f0ca272eb7c667be57cf3bb409c42438787bd428b58fd72b4791,-0.6340372729855062,1.3115980236652751
99a379142cd0e64ddf16b3cd13ebddbfda84fdfad2ad72cc42115bf8be7e08fe,-0.9683759683338213,-0.08136218402237824
b861a99b52393c55972ffb0acdb86997d3f52a4b8f8dd45bcac211c52c47ffc2,-0.962296938386888,-0.09962253770628322
e3b61a6e61d8c9e7c439705767af3dabb44719dc604489a84849be1f34fe5f4c,-1.0140515053461132,-0.20703478236786851
484fb1a4ec91cf4287c288d9b69faca59a0e949f7b89b255e411597c871ff4ee,-0.972082622626805,-0.10999909207457279
8003c2a37808fddfeb66683179009561eed5f3bf233bc295bc3e91d64d58bd43,-0.9415763342027357,-0.010844833602889563
1c888d3335e500b8441915aed107ac68fbd05da1b6ede30a6a0f9e69533e1f51,-0.6909230080799125,1.1359142136420073
81332baffaefe775e8811c2f395953b78defaaedbf89b8fbcb7d72dd8d331950,-1.0174683228088504,-0.23490009220441702
a00774998727b8bf2e3cf8ae047315b20b88f5e73ed7df383a2cf6edb7f72a8d,-0.648939731615348,1.2545032786124726
23be3d5e72271bf16f51c448c5e9b1287e2fa19818221ba02f858b455ecb01d6,-0.7178659631360688,1.074300598577107
ff94dca46aa53e42898307c53a702f357bb19cedb4b662aff5e1678f015d6637,-1.0155245205971233,-0.2402069186803394
782c534bce254f73d7309c9a8e802c5ae1d05afad600199949076325c7e2526e,-0.7062867783856726,1.1028244339504414
c83d10e56fc8674a355efaeddf94abfa16ab5a5eca8cfe8d0c7cdf252cf6b2f9,-0.9468105981535333,-0.06478536392049322
1801328c6f2d8c82ea1f96da49b224070cc48736e4e5c5f2cfa4ab25b769e508,-0.9723981812728476,-0.11710543697760438
7b7eecb09669dd33f6fc427d0456eddfd9406b0f5119ff44b597680efd76bf75,-0.9477014030318192,-0.05455017852506345
efcb9b40aaca9f00eac75d9bff621e171c98048d6f038b3e0550c1a78e59609b,-0.6492563964206249,1.2473720231290006
a450a3cdacf9b9c26f1edd55535e3a87d9449c09ee3d57f790d5cc381b12c1ef,-1.0029995297153256,-0.19268195437195135
0cee5a697ab6cf68db696ae61a6bfde5be575267b6a0cfbf89ecaef4b52b92ef,-0.689205120013869,1.1587410342262778
59b91f09b7decd56a9a7cbb68fa14bbcf643b125de66c0fb48d24a72ef8a1644,-0.9554259599446434,-0.04880644058709008
266aec4e5daa61ae38cab6854b10a03e163a90301f83220fb2a00846bd45dbf6,-1.0314028788907315,-0.2838722436503294
05e15e6d676f6353b7ffda0b1e814e474f5fb277f3bdd093083ee0f02bac7f6a,-0.9485627345342128,-0.07394726622529336
32a26c8394fa0c08967b5e1c2696cb4fd7452b0762ed94718813befb33d2ef01,-0.6878862896074589,1.194156947044573
8c0fce7b03c0171610d96b553fcb9dba1563860d56ee4925da9ea99355ce708f,-1.0175290393201353,-0.2550524426971012
1ad13e5b6b45e17a708ec111ebe89b7967082735b07e88eafc18b9cfe8b0871b,-0.6317230075967418,1.324199115216574
68c9f6d7b82c2d73e7d532f9573abec3e5efd24d47937abc85a0ba95c50b4afa,-1.0124388963118394,-0.20522685687420802
950867d5aa9a5a82a5eaec4e939c84543b8ea3d3b41fc66ddf5163db2331b301,0.606050052796557,-0.6386526493051117
8f67be844ae395146a9185003d80acd6b0d4d7fab90a92b5baf82849a5523c97,-0.7042427129778738,1.1092254423409007
f6464ca3623913eaee1186acc183e965fa0553bf63630002a62ef1a1bf69e43d,0.9177047393625148,0.6942525017019489
92690f33eb292e109ee34eb34b909910107edebc11e9ed4ab3218f5686f2cc09,-1.031772576325169,-0.2979532822392618
f9e9c3771cc847e29f9762e0c9bc812ab17a3a9a83786f8df22c3d927a809dbd,0.10663119686851584,-0.4651638320789479
3c8e6cb34f2d55437b9d30d586d7da8206b6345a70a3261a71d1bdbac472e349,-1.03105692504448,-0.27608140228748745
d203553301768278d89c77332f24ddfa3040754eb73dd000ad441ce9fd4247dc,-1.0173268090150311,-0.22908950305316533
fb203a61d486fbc90737eeea6a108416c5f62c4e6dc31c108a7e62b09c01a01a,0.10921608032983668,-0.4314930656940944
6bd7a51cda44594af97ed0ed24768c041e97aabd5d340abe1bbd16ca7b20b114,-0.7174859767178741,1.0828578495985033
6b3d0d88dac94164d3412f96a94bfca84a1227a74935d9a381f926f6025cb787,-0.9698158210218903,-0.0892469873181047
1ac80d9dc28745da3dfa6a54f505f5dcfb68c11dd7c9e96944e4dec6e397d468,-0.9726001676088972,-0.12740964066069582
39ec240d63034c86b2c902da15d5fed6c58ad52d6b067493086fab5a840da182,-0.6928478019188093,1.1419913691800392
3b904d5af586f612fa90e111f881b129da34ddcbc261e00feddff48903dffce9,-0.710107426206624,1.0661902559641143
60b92d547baae09df52cbccc0513defd9261a83ae8171442f92731be3d75b97a,-1.0178509982516328,-0.26805841561661425
77e518075b4cb4f560238d1c97e40bf745f99b0a46240feee9484463be825b2e,0.4972810936877657,1.1004545563098669
ee71d3a9d78dabffba373d969eadf0a4f5c2b693629c509df5914202293128c5,-1.0192426315368466,-0.2445613132549361
220540f2dee47d68c663612af62117f535f33253be473943505d9fe228fb2de2,-1.0168493771994576,-0.22096150731148817
cd18f63d488fe102b2a5d999bc8fa392a6e964ff3e8f15593678b8e0b28a24d4,-1.0129778853798126,-0.20739749841063868
060f2e0a1243ea2ccfef0544523588922839a70dd11d0b5fec3b08daac363c6b,-1.0166603572968156,-0.2167048005517233
55cc8b263a16b122e17deeb9865d2f5fc5a2e22ee68eb0428d2c1f19936f88a7,-0.9612907386728942,-0.0769630343187461
94f710647db9302767f5b33c741f7d37a38abbc0c5e6a65763891661cc9046c3,-1.0158498115972763,-0.24753243509361808
f957404bbd2c30a5afba03a20c7ba1526e6d1982a987d5cfb29a25f90e6bfbfe,-0.6853407212828673,1.1730693877301857
6345eec5c08544fa6a1cc5a8619badcc18e0b10c5968824b6ec94e9885f8de0e,-0.9588727738567058,-0.09613228860674845
a7dc480dd92c7b3dd16354ec0c6e2ec8046f711422d9a18ec8037d3c07ecd482,-1.0316042460523143,-0.29416250359468826
c348df3c609f414be92530bf453e44a861fdf57f14ca5eb6736dea728a331af7,-1.0292624331139117,-0.2659656578052011
15288a6875e4c537e5304669fd4876d9bafdc6f0e3c9d39f61d093d52b86050b,-0.6448574301428027,1.2728146969764678
efaa5c2e9f242f51113a0acb09e5eb5aee48bddab477d31c8cac423a1217a985,-0.960271358306804,-0.08430271431804309
c01337bc09fcd729b6046294de908deef55e363947328f2e7f9d0aa41440ec35,0.16794471067790703,-0.32577978865141033
6aa876504632f76042cbb9ec3c239665516805bbf09042d59769adce58c1fdd3,-0.7066080627556884,1.10142050134755
6199c2fbfa57f330e4a145b0738a598339f5f28e95eeee9e1ffec37182d8a6cc,-1.0192803383224993,-0.22534947279771425
6b1dc848c66193d9ad142db3cd2752f94addc6efba9e871603e92a792ef6863f,-0.7066152808717732,1.1199671111002234
ccbe5a19c056751f7d271a5a44062d50fbeec7a1f744b4f75e886512b5385c3d,-0.9589682188926668,-0.09828169998661526
fcfd6e7ca3e6e81e0175971988c134e92431f862d2d56be618ed19a6a8b20d6a,-1.0139704771811275,-0.205210037286501
cff372f1bb79310300d3a0121f3eb63e4aac896dec315e313e9bf4c426bd9cbf,-0.6457554976892173,1.2771308335954654
6c83dc28d330d0fbed1311810a1b20184c59aaae7512e6b179f480456d203a69,-0.9594291674068629,-0.11441770253761469
55c3e29e6c704eabeabcaf5cf98fcca303cd9e50ebe8126e37d00794868e3e06,-0.9445891829394711,-0.03929986122184995
6348168ea4b6645c96557a1ea886f2e719ea6f5b1bd5b37c2413ebc068fade74,-1.030917106378283,-0.25414768024174295
9714f7f05a541c0d0d14853b6468a78f3adffe2fdcc8c58046c29ebdbee300fd,-0.9697867698844845,-0.08859275900009442
24a94f908eb5199b52af6ae09d3dd47a0b9d04d2b79695fe2a0579e070702cbb,-1.0180238003581377,-0.21711337340889242
5e23cb55be23b3e59dbf448aa6b962772722ffbb2bcfed2624aceaed5f060f11,0.48262738664078997,1.0552865422303974
0e1aabac98ed75cfd591b6aa2c419112b29b86d0971b5cdf024319b93c16abac,-1.0198336785845663,-0.23333110984237398
20dcfacb485d340bafa7ceced9aa905143edcd71b0961182aaaf62357d5a412a,-1.031223266861535,-0.28558289544733945
63ef9590fae39e5a50699495dea4478179536bbc61f07d04fea806c748d277f4,-0.9600065093037998,-0.07258285050805142
68d59e0d490f829027feca49524633f4a7a9c7fea8c551f6237119c19880a102,-1.0018015121636823,-0.1862719493060958
8d5ef1aca82327be9f2071e438fb66c1071c8ecece3c1c97af84b908859f823f,-1.0170778531469196,-0.20156624386138652
d813d990bfe3682e430fa1b09b38bf772861fb6f85428e2ec790e5c0131f8414,-0.6374510703592273,1.256773416050518
85517fdca1f3ceac59da22aa13431d026d1c041dfc8331810ceb9adfa6edf73a,-0.9458730674578719,-0.09275331075847419
fe4722b834ac179bd650ae95fb8f847fc12496c2743a135d8767668088824b58,0.422837581815738,0.9040441217408488
6dc44041dbd3125a61874d91d8ca3a5c23d132544fd8f253808c59c48d9623a0,-0.6462967421366388,1.264942070053523
896cf1e8589c1e81939b96fe3b99157787f82c6fb5f4c4df3d26d828094bcf19,-1.0015595255258565,-0.19001023906684464
417da5191c6862d533b29dc1508b962a5cd253481fb6ecacbbe0611709572582,-1.0132777021319417,-0.2141493376489364
64e95f8a4e2081b85e485be06cac760629972e0921f4391fca4410313f6a17a6,-1.0001632671040865,-0.17419728636906498
f84451a4ba0c3b9c7c6a0b27d02193e0447d651c8c9cbd19c4cdcae5fd00e495,-1.0024469578279154,-0.18023809816677205
29d095bbe4a660273a013c166fca38be6c539dfbc33279a6c0ae7fa2c1ca2982,-1.0316153874984122,-0.29441340769661534
5a31c4585c1dd54c48963202b7493c9a681f8401575f3f7c1b83c6dfb6eb667f,0.10937211651036616,-0.48281567465238606
bdd617c4bd905968f519fb8b850b80337b17cca652cf582244a1df4c0699d8d9,-0.9431580868644589,-0.03879364965065241
88dbfa70e609465a70feb667fd4498e567b05e58bb6db80c7f85a6b094902fff,-1.0154330327939758,-0.20418950509886377
c63e51cdc2ae6134c20931b1b606d47fe15fc781e51685bdb65454d365146d64,-1.0151583593932494,-0.23196100991672866
7559ed1cfcdba4e423c369b39bc719165e2a1c9591ccdbffc55ddd5cffb3ed39,-0.7004969965340354,1.1396442825512814
b06046c7f9394f84e69f1c82548b890ffd448526cce33c507bde36c8c79f1bc9,-1.0200047286924507,-0.23718313886318768
3f2fdc29c5b5abb8f2a19b5b3ebbde74b3a50ed3f705543efe13f392d00bad16,-0.9581902030277099,-0.04944472156415852
22690c0b5a0045497f58db2cab414bf0e048446f0fc2a2b7ac4919c86c06bf7d,-1.0317467537944682,-0.2973717617779067
f7e97d0721c7a345049b201ca017f2dd8621510ca748a6e80e1731197207d558,-1.0312135211984657,-0.28536342422083866
724af49650e12e7c0f3838672dcdec4558d51984a38c026890e65ae588b9074e,0.6768783908269687,-0.46469572717323815
01f73b5d6d29e955d5f8862698a291a961a3fde5848de6018e6e251a9bd7aeeb,-0.959667413986175,-0.11978298847032487
7114c1feaf090c39ddc6532d5227ececaa35627918c164b404ac29eb970349af,-0.9623677790408277,-0.10121786119485007
defb5c4ee31b5249d174d150a0260784389c01912e26a75c829428826f308447,-0.9611468256277802,-0.07372212887231842
9eafa528b836f444f4df5bda3592bedfe42037965a9c8dcb42b95866ee5d4cb5,-0.9680711439081391,-0.07449757254387587
72a014f6984a8565b7e7f27ba6132aebfa132369fc781195d8969e6d70d7b96a,-1.0310286380592077,-0.2754443825888233
2d16e4b6ea56c499a661b46826513daba2a03c766917d221189ca5c7555e3f43,-1.0209668161686514,-0.2588492396609696
00b5cef5652ca3e33f15cbab7249b9d1dc06c82df26d76d94f94834d2aba3b29,-0.9444358845213572,-0.01130708237819892
69f9d9eec6211b50b6230067b784844071a756e8206c800baba5455cc276d4b1,0.4329135764886658,0.9028906813091869
767d91a11f76dd524571b4061e96dae790f8dd4089d4d36cd7fc2032a788779c,-0.9579060497032084,-0.05557674881441424
ec4fcd0439535809488cfda9446eeda8079128d755246091f03cc2b11f591abd,-0.9443609644573432,-0.034160406899853
15aa34fe23a683aac03aaf9987852469adca5a3b17adff3c1511c8d7bd7394bc,-0.9619019811892512,-0.09072814643056407
237038cb05426dcbcb022a663720a094fd46e190586fe5def577ea30a0edde81,-0.9466752283235912,-0.06173685071036189
da4fc3f598d21a9a5ee538fcd81adf68435e343790bcdbe30af6df7935d1d683,-0.9729149517777063,-0.13449854442429843
a13555db357299df7099ddd803a17ddf2afb480e8d1bf403a4919425e2430352,-1.0022388533512434,-0.1755516089653448
597bef1bf88b308fe2dcf6da9ca5f8a498190bc1fac9ffe41ebea9ac79c38408,0.1852614430762785,-0.24396689668634428
c2c05d613099fac774b9524cb22a79ad74f2543b79679f0403dbc95477f4019a,-1.0063594569162582,-0.2135106076536279
bb31b2291f1c1d91e7775aac9859ff87691a8310b5aee2691a160a66b7473064,-1.0169637205282855,-0.2423215276503163
99964482ed48671d52af3a7f034eb4dcc4e4b9bf3c8a9463f2024c3ec3f11e04,-1.0021922922649371,-0.1745030585849195
8215a19d7b5caf7d29f885531aabadaebf250c2d5ce0e55b5fff6b4bf27a8724,-0.9595580858016617,-0.11732093016035368
181b1e05478030af750f73bc6845f1eaa860a37f95d453f79d83e5394c5d13a7,0.1678712149860458,-0.3274349032927063
d862df9c8381fbb0179662762a9cc801242f3c94464c35d1ef3d39efcf865cf0,-0.9710365074032206,-0.11673670611665768
5806a9ef1c4e6ce86c213023cbc8d6173e82d6398311ccf5b09431c03dcf82a1,-1.0014803322774812,-0.1854096450022058
45eb75e13053f4b977ede01aadaea55ca5d2f389dc48d6fe8fe0c13a909faf16,-0.9584886265712109,-0.05157641724170158
76d8919a4824ae6311a4cfc16dc6a59abaa7224244024543d4fbd86aa4ddbc2f,-0.7046093127865993,1.1233483359388814
bc0b2007a53043e16b5b9cfb2da89f8cb9a35203cc379dec2086121edb95a2cd,-1.0153702420987563,-0.23673258440280176
5c214ed96298f73b038016d889f4f547aef3e4872e049390e5f4f32d75cf73a1,-1.0169268889543186,-0.24149208478378512
986475e581406d469c6f5267626fbe3f8d273ec77f2d17bddbabf8d30e9022a9,-1.013243804544105,-0.21338596781715363
def540dba5990bdb523b0fb698e4382acbe09277186c8e4bb1bed7f300c552a9,-0.6343368741066026,1.2997405318636712
cc8c21399811a6e9f53362a23cb1e3c4d80659c713d417fddb8555e0d396760e,-1.0170072312610476,-0.22451636286709023
090cec08a531c33a1fcbc70f1759c89d32fbbd37da5840c441e949a609c6fddd,-0.6590741525946964,1.2328236473210392
5579ec4ba8d0073e518346282750b5f94fbfd039773763c46eb9c6c7a30d5dae,-0.9587080824422898,-0.07101472052162815
87611e025b920aa028fade9515d8ba111e760a430588c49ff5a7df5d25c7ff06,-1.0291512035574772,-0.263460780815304
d676c57bcb0f17ae62fe13c65ee99beac34581a31fc18dc9bc58b74251e6e8b9,-1.0312767166376768,-0.2622460624789974
f6819656a3bfe1f63f07359cfc933b08736b273ff6da788d7842e4e162faeb6d,-0.9618876633066216,-0.09040570933836391
20bbf033aeb3fb003da681a7e9e3216009daf631fc768a9cd6c826602cbb76e8,-1.0068156481620765,-0.22378398274629127
03278c5ef9f28ed78d048872bd6b3589f241d4473eb2378e9e8702ba45876185,-1.014887750123277,-0.22586691986246718
552bc254a81282c814a1f1a4507819c16cc6e61ce093f0c77e6be38708c0d81e,-1.0311911383233048,-0.28485936441196147
989bd201c43dd4aad4ecb47a50736c4f6271ce198cbba72a088f2024eeebb148,-0.9725044374486124,-0.1252538083134022
614356e02fb40a20f23e28f419125bfdc1ea0f7c36bbb0efac9857f3a43ee622,-0.9723873025010854,-0.11686044827191454
41c6aa75a21d58509823cfa34e8e5949efac0bcf0559e9b9f47d8201a73a00ec,-1.017085191719734,-0.23828141153721405
3efa4f4c6eef348a03588abab8ac52c8c29b9cdf81db0b750beb22e5123abe18,-0.6362661071024721,1.2585927925795428
4a581f8d7038b7e696d35aaf5fb643408fac2ad8f9038f6d684bb621dc0da43c,-0.9459120649584013,-0.09363153004542223
896e39f414294be36a58b3c3b7646cffd57dc7b6862f592dd914a5b9cf1182c5,-1.0313947180853498,-0.28944395755339203
104c85fa43b2a67f78b9fa7b4a708ed2c0822599d9b9feb1fdb72278dce39e12,-1.0314571331260602,-0.29084953718807455
943f54075ee44d63f889b3e25ae55330c8eec2d2352d8b22e9af9974d4c7f7a9,-1.0126434066035366,-0.1998650743215767
deb1b80072bd6b6397a9fccba0c707677b09a30439d5326fa7e9cd47b60b0e6f,-0.9558257846218131,-0.05781044694959475
68dd0d9d0be9ae42f2a5e61baaa32014c7309a325f38be0fa36bd62f90d2e8d8,-1.0177907125979608,-0.24216027367421963
9c2ed089e7b2a0347274f80a00860104734d509988cdd974329b2ee0a884958d,-1.0297108031911228,-0.2760629010682823
6e2f5227fe41eaa048eb22ea21622fe78d56ff370862aed6873d9a3db5b24872,-1.0268363961078626,-0.23587209556905472
087c1be4e876489fe0b54807601fb9902c0c8df2c0f8b86340efe201f9716013,-0.6355332319387968,1.2754224038028774
df088756bb72a8b8ed24e9fb938bea5bda02a0c8bf4e73d46deebdb5eb32f312,-0.9703882911769994,-0.10213895025404826
c82f285de320a3c7b4bb44e1b4239ad32e720598f667a8670eb223df805ef510,-1.0295059398012656,-0.2714494007741609
0409e95b7acdcfffa18d8357c7a1f6bfa3e29cf780cc74924b8d870ee3aed26c,-0.7176598444265212,1.0669329805416827
ffd7c9bf8cb8089dffcceb22e5d84dc2814c5658f27e04cc8b9c69f56f2e94fd,-0.9591742108939301,-0.10867611079581153
72e3f7192916449fcd492bbb5319eea7d2ebb1a4dbf1cdde426b528aedb017c9,-0.9727363521271281,-0.13047650055865231
e498f3493c90746ce422f4fd0b2a5f94c248ffc9e40acb732e4cdc34107c40ea,-1.0207370625146435,-0.253675213442427
c806889be395e1e16d3c856c4d672a6f3fccabee0e35f1c3c1c3006018e32ced,0.16786379229817228,-0.2785210296569595
4c937e4c4cef38264e0aaeaeb43322e546b4418f3d9b9351b16f55c55e321176,-0.9478439365867232,-0.057760018008489206
7997f3d391e9da4a221154a8b7a4b4e89bda66a2beb275d3b7ce94c9b804f06b,-1.0173285006820705,-0.23175131377468686
0b89b29b37faaa98e70a5504929940d47bf624b49f46d56cdb9061ceb40e5ffe,-0.7081088331425458,1.111198344990545
faca6654db3e0ca6a0d893fab56756bc56e4f7c977e7738e2f312f4ef9d387ff,-0.9621636676782159,-0.09662129646896808
71712caf3181e4f21481fa9d0568d018f1931edbd2d4652b71adaa20a670332e,-0.6939422668678153,1.1439866545851298
fe9a6763542ddf5bf82e9a56758925e162fb6e7a96e42a864e2b471f9e9d0121,-0.9726860325622932,-0.1293433096682353
df51dc85cf15b1bc09af0c377dc21b04a824eb1622648475eeec8208a876bbda,-0.9452456271328598,-0.07862342583367496
40ef323231d4ecb628441ad05f2453095e45524ea1cc91be9bfdd17fa12e64fb,-0.9420351971872705,-0.06895373874375989
9715ef84c5fc3a150d8397f9cbc76e04143d09ea8b83929c5bab3a1747bb42a5,-1.0173002419219583,-0.24989995125137382
553b07b0a1f8dfd6e55827c8ab02f62f3d2e014b29610085fcf508b75dfa96e0,-0.972597480336735,-0.102808607734313
c7e59a5989f0d58ba5cb13bbb1fff8dd42befb21238a4b581ede82025c6edf17,-0.693024618545919,1.0889284470761567
69bd1f669a717425dd3cc7dff5081aef2c890564aaa7832a074d41ad2ad3da90,-1.03128802891846,-0.2812858353065949
f64d777bc4509a0258815d66b0ecbdc99d9bbc967c47a9578be5b9109257fe31,0.12572606837203268,-0.42268449112901496
86e04ba79ab860c371af15b48019844e4447118fe7492d61638d9ce978dbf28b,-0.961297287438683,-0.07711051178123167
cef7ab36085b2253ce9dfbd9fd78fb8f458c629ff67b67d3e78b0f3dcac0181c,-0.6941306327146076,1.1191754628285417
12170e903a34d952469f1be9ca049cf68999fa1fb6916ba969ae5b2cfc392186,-1.0173997834830133,-0.22057748228621865
a92efbffa6a122434e4884c720466ee575fbf4425f7d6d41416f4d44a3e63724,-0.9550960629078593,-0.04137719675151026
669e33e7b99452ad4e2376cde53c8c71223beac006f612708155c5944405b281,-0.6323830450203043,1.287614207502318
cafafdff759f5df6be7eca96bc3016e641733eb62d14007c7a09e4156176eaa6,-0.9600124081114572,-0.07847118530142397
c193a6d47a54421dedcd7db6b0b7e0ffd13fb64f7e93bfab99a4e52d1fc40b0c,-0.9996829603003927,-0.18035021343325428
e9b7ec14a83e25aa3bf1cf088504be4c0a9341a79cb92a03cb8ff80e10351fea,-0.6951190937774401,1.1187606175563805
fcd92c1d59fbbbcc9b276de92dcde10927f774a622d72851bda72bc7c3bdfc2d,-0.9565639246077552,-0.07443327567765139
66202f83518b80942b755136656f7931558cd0f0993189a13866556010083c93,-0.9699104006439558,-0.09137690967524364
e4aa4f7e87b5793bcc05620f03ff7b3c83e26a18762d0d726657e1824bd0c6c6,0.11022359422250008,-0.4578849988764475
f3dc579febdc105d05e6331cd80c01afa4c4d3d24d4cd77c942b9e2ebb01bc5f,-1.017647960839337,-0.25773054181572647
24ae28f35261f1fc87b85a22a28549180070f3d7984c330fde4f4d929b0d8a93,-1.0175617883611756,-0.2615454416996214
e925476001a3426cd944594cdda707f83c18dd3e339bb828ca82baba1750b616,-1.0139056050507678,-0.20374912427172445
35b00475efb2512fff9a13ac668089c5872f56d4520338f4516e69721b2b6145,-0.9453463696574418,-0.03181110433177857
fa1d4cc8ce78282ffe55d683b91dd96fd216cfc2438eb6b4512607b9849db86d,-1.0206276830456422,-0.251212000211604
a4391505b694dcdab1f808fe9028054a106d3df6054ec8f182613b0e178894e9,0.11403967155830198,-0.42678389631601577
f027037a3d19551f5646b00c170624728bef12930284923fbc501f64b005c95b,-1.0309037882748433,-0.27263277961140986
631229177efe58bf02e1bf3b198d72d625de7aa5d6dafb3c023037cc41610a00,-0.9593601127110652,-0.11286259862375338
c455ebf34348b472463d77effd4383a85ab641e2bf81fa771e15e6dd447376b0,-0.9557317826369999,-0.055693532917827325
4a5927ebb9b23e5bcf259ab4596e1464e6ce3b7f7e8fbe28893bfff8b0414c42,0.10643667615038335,-0.4695444165793901
69198b6059cf12adc877eef33551ad407df05121d0a072548f4e33bdd6b76aed,-1.0268299869677393,-0.2357277624607177
22559d5dc8de1ac7bed29377e97f9cc1c8e103ee97adcee001cc273b9f545b25,0.4331308179850599,0.9258507390195087
e9440c68efe2c7599e1a2ed3cfdc4e786451f34775422a385e630fb03c8e5c40,-1.0159613702799402,-0.20096369224443186
8d7495e6fad47147f9e34d57600ec4da09ace6675f6ef07e0399369cab8ea55d,-0.7180482011530015,1.070196619113993
25624e6bbf8038683f711244b0fb2dc9014c3809072273a2136f3574bb199927,-0.6342395688930998,1.252850802506288
768236add8d3b6997dde6a4108c0195df80faf5076d9eeeecd895f06b5b238d9,-1.0194575896004376,-0.25253392419863613
9426a39602416755156c68f4f886397375696ee48ce4d02ba954b3858efce604,-0.9617865426862738,-0.08812848444210448
bf537ac456146e772b0b4d1d9ff1566d42c1737152edde4b1283d2ec6828ff63,-0.9589604986564652,-0.10386333545761861
8e678cb6a16675b744b28b8c345d1f476256f90304af10ec4c4e6b5b93c06014,-1.0316074168526677,-0.2942339096588608
754e0beb19d0cc51d123f1200ba83645bdc0c13d10dbafeb6c8eab4dbcdfca45,0.12226108809298836,-0.4366019323278272
ca4a08bd36e1314f6870cd3dbe2cc35ed2e7825e2e8f6eb4aea406c02cd1e04b,-1.0180229156223854,-0.22284894357440824
870e557730981b126b11863e79b5b8dfc18158bf28f34fc6d6252c4be18426c6,-1.0203170932829835,-0.24421755399855727
d39696ae5ce496512d1897b35e9a210e15b36b961da7961cf1ab80c258fb3ef9,-0.9571475733887955,-0.08757698000114159
30e58aac9b7f1bf3a1297f586cf41009387cbd25496086de7182562bd8977a09,-1.0293023900672644,-0.2668654838608614
64e180410e580a111e16861a3b9ea591a73d21a9dc21f6a18e926ed756dfe4e7,-1.0317614290771226,-0.29770224747811386
6dde1c3e1a8fd62845ff7085b793e532e8724d7da729e3d378e58337dcbf8c4d,-0.6991494612113829,1.1408189132101125
12e18e0d4f02b8eaf145b5ef3480e6e7f77dc9739ae5835d9ab5f1526a2b9786,-0.9411021741153758,-0.002414351135521706
9b75d87b34869de870611605164234178c673990128852b7900fca40068f20b8,-0.9592578733803293,-0.11056018049649395
2f46af3f426b7ecf51531b6ab6a887713ae75a4cb5a9152acc9bc362f502f59c,-1.0177016237040115,-0.2156134860290163
27121208c96aedc6329eb443bed450656cecfc6884681de73d426be99d5bcea5,-0.9480135792129564,-0.061580350702222994
63278d53dc1c2a22dbd536326f6454b005a8f0abfc1e649a9e9922b7fe952121,-1.0209256298179434,-0.25792172771635635
2aef30c57c67665bb34fa140475d688dc71557d4a8ec2d402418514f81b7a0a1,-1.0163680943026738,-0.21012307108618178
34e05d4494f42b49242079c1c57143da840a02fa80cc0bfd731f22fffd14454b,-1.0205448485564916,-0.24934657691500042
a9df4df7a84348bbc8535df3af4ee3583006d8a1114255bba876d5e2d2292ee9,-1.000434856856423,-0.2045760585828488
e03474df015af714fa4843efb71e5b3ba113a146982ca1e4ef52eeda28e85e49,-0.6297558002743857,1.3065112562280057
ca374b30f5d38a5e41352ee6170687652736e0b56e8f0fafcf49114e6a609a03,-0.9439723513232816,-0.0254088832159851
c51ab26e4e805f18da17360d29f16b6a5115a4b35f26a3d8f35855db4c19483c,-1.0139272034551345,-0.20423551788733102
d23652754eb2237240d1a4e4265e891cd109f25bd85d2253065707014d0c8a5f,0.42131902979008945,0.8896876073379216
16246475d898c143378bd5c10a24f15bc1a6d733d41bb474005c26902b273267,-0.9544638400239828,-0.05168012500596568
ec6f7d6d94dae94aba783c150da1cf1c8fb6d9e1b51fc3b64ad5df5b3b23bdf9,-0.9461146688196793,-0.06112250227443907
cbd5a654f0190c657e25691e50fa36b38d26c5308c5271f56dca009cd17c3822,-1.013380688848364,-0.21646858681705866
2223d95ab1541d6e6acee4fa3a26cfc64508c02794fc5635450743c20c8e3db6,-1.0312977423296164,-0.28726007453793273
a3607526b4881d28cf9657db34a1c486e9dad9f4d71b478347c1dd71cf54a663,-0.9693823027989652,-0.11439736326120517
1773b5722b5febda5fe0b9933dfb57e2f9c08c0b1d8a9eff06e6d196e8b89e2e,0.17878355635131274,-0.2859306129358046
2f37920aebeb50dc1dcad0d0f5df7ec141c85fe7d6ab721bff42449f0b40a369,-1.0063337876754035,-0.212932539262219
7c1f1e6901f74f9b0569b35434a4358d904a2f8b8e3f56e5adae813660528e14,-1.0176688606912931,-0.26395669842458197
9b770039a86e78b44a4762351a27fcec8fbcec2a49a2896d6c313b265241032c,-1.020013830031383,-0.23738809998323118
73f20d1fb1014b827accddce5bfad13ba282a2ca730aec78153d3bc3c446a5d9,-0.9458424481840458,-0.09206376818622261
d465856ba2ce54db936697e56788ebddc1caff0e7f4d1ca572527dc4cee29e1f,-0.958377812002065,-0.08498580380262848
b542803f21de8716a68807725838c5b238632d0fecdc9e3b4c593d251b5ed73f,-0.6215753297006715,1.354388816191305
422711e7791d8f57c21ce1a968a1e7b499f8b749ea967c0131142d600666a7fa,-0.7128251372295317,1.1046469796798748
cef41de1dbf9c1f4b122c016383dcd679115e2dae46cdd73cb5efea34aab3e4c,-1.0283479988636148,-0.24703782725936985
b6d170e4648cf3ee5a1c2151b649c53f158e80213dcf52bd59e217e46ddfc661,-1.0035169678446567,-0.20433460233175338
1a2c290094755831215fd54887a6f486c251b71fa5f6a4698dfec72118a9604a,-0.9558283284801934,-0.057867734351669635
18d1b02a6d43516519984b51bc3cf3d4e779f265cba05954b94502e43fa56047,-1.0306331025612396,-0.26653696805525
2c3e96befe8e1f251d7514c16460db6622e21ff5686f42be2fa2c6a60c6bd51a,-1.0175130651619266,-0.23590768491886435
1c1e7200c551f487b0269f7cb66704e8a80b635e06974aac0ee9dc22e77a3840,-1.0131662664147798,-0.22722081349355147
1d0dd056699dfe8d6009739418a00e71aa21e28290783cf5b24e7871018d77fd,-0.6464071294396088,1.2624561605160762
e1c049ddec1844a136a452c204e95a0710563b8b1e19a3bfc0f758409df79df9,-1.027128818572702,-0.24245741629661074
eda84e17b1a3f9f1bdbbd938c461b610174d72541ff4cf843042f2e968d1933c,-0.647533727039655,1.2613236107046528
237f29c7656d070943f540bb1db116401b9988b6068f086cbbfe51a0c1375a65,-1.0277114372118734,-0.2555779219421057
a60e525e2ccc0c0e7baa1fc3d3bdd826edb5fa028e282a30b782d13d040119c5,-0.6946104313286247,1.1043991508808595
82040bb51dafe51cd6c131245307fc1805b8b0538fa0e6e8cfc6157a89b76b96,-0.9437092048272716,-0.019482853984574732
ae0839e176578f9a76c6f3d8638702e371b6269a76ade47b8ed5de4aed5d982d,-1.0170717632283626,-0.2447546369966457
836f08e52c6350f8f98a6fa1beeb0c8958806a151574be404173b23c9cc291e8,-0.9446069479846523,-0.039699928023560746
b505e0c2ca908276bf09c23f7ef2dc112ac7b10a29e4380951a09c2adc64fd52,-0.9450457035938734,-0.04958065455844225
c5b98b03fd618e1153c6659385546591ddb4d9739663af23f82691290fdf4311,0.11000709217140281,-0.4627606005010752
a9049eb17db9c9ac7ccf83d1bcf4b85efaaaca4babc524d81c5182ebd2b426e7,-1.0314208106553087,-0.2900315592681995
d83ba412a5c2b8a6576dd6a5ddf7803f6ccf213ea87170254b1c5ed3d59ed0d8,-0.9623579124130532,-0.10099566585691944
3e653b45a01008cdcd342d39defbef11b53f8bdd9eef5c49bb61525799d1ef75,-0.9436550045877689,-0.018262270740982942
02183ea423d627596a8a243492f07e048d3cb59ea1114d80704dac0d1d35797d,0.16564864494305206,-0.2981098865691756
a21d585b94a38a2988499e7122c18111456c0f5da3d1491c8be40dc6210189e0,-0.6471612296621779,1.2454739090701568
af129f2c7cd695e50c0270f679fbd2938855c9d968201a95b5743e222e2ab3dc,-1.03143010362431,-0.290240835875653
b0b1598ce8a6b819dbc1b036493860bdad280f8327b113c9c8d3fa6484238a91,-1.016137152726303,-0.21693168097735918
1b93a6c66c2eeb1a7202bc12b33f8c2199c3a346f3d8888aad99196940324f5f,-1.0310128206689197,-0.2750881767543089
5d90baad6e307d4376b7f91056e6a9d4bc1c61acb58714be5d017a3734ea6e27,-0.6494373493414966,1.2432969838833596
0d191fe2d2bce5f23344c8dae8122c6f3c1b54631f076e014743fe91391cdd63,-1.0306596545538858,-0.24834989436889682
974db6e4a54b96af60c530614fef86e731c2f454ead921ed7822d8c4dd372940,-1.0203619313090055,-0.24522730125689182
4138cca53fc595d7464d8988018edb81185c9d0b9a60dd4706429c2a8bb26fff,-0.6908108854452698,1.1442074184200635
12e5bc5370614e26490bfe10c13ea2202bf072fcb26e647539d3059183491c99,-1.0456118134013694,-0.3259938559620127
a8ce2a6f6a57e300c14fab9cb03cfdaf4952e13a0bd3eb711a262eaa08bdc070,-1.0162947513739484,-0.2157444994717496
706c4992cc14a65c7b639ca5447f4d5afba0a155f107861a015e835d9ebd3e45,-1.0172175311866942,-0.22662857875857095
91c3fbd764df0ed8b328269cd8e9039857e773193d4233447412843edc23ca6b,-1.0292308537456802,-0.25949899970161294
dd14981f608d0d94afaf6e70a4ce75f5d8cb9381f0ac9ebfcc02a5f2c2ddb4e4,-0.947561305300647,-0.05139519351568939
097a3fbafea040d8291fb98fec529a583b2bdcfd0e5aa541db2e7aa5a9ca7fbd,0.1790112048216066,-0.2808039952156316
450cb1dc094e2c3f14ab591567a859dc8e0f952494922dda3ad85e84d2d5d1f2,-1.0204902274507526,-0.24811651581151598
8a74f9c5f3ac74c3b272fd7d5af45e0b9db6791794878b297f699e2b252d6883,-0.9723873025010854,-0.11686044827191454
807ca0016faa6405f963281dc39691af9c5c5e00bb3ad0a354dc035a43258bcd,0.43382828506530724,0.9079799997866725
a94362967ac8a92aa1f34c1449f16a7e47eeda7f76a5353ccff5a87d31944eb3,-1.0190649045488636,-0.24631441596616302
f1d7f71ab7ef5ef1d9d7bb3f2d5eb9bb0c1a8fb81708d2ee8413e33783b45c48,-1.0182347303532362,-0.24097599887105534
3e02e0061ae9151750dd4ce7b1699422ae3054033c6035b2865ca4ba3a7a2fe5,-1.0127565205139517,-0.200114017872907
81c469ef072ec5687f828d3cd939bab56ecde0ba9ffacbf0cd3143c980c2f799,-1.030974848979654,-0.25544803707267394
ed5b0ac34d479bae33614cde88f23a6e2ef7120294913309ce1f58e66bf24b9f,-1.0177804969029272,-0.2607152389291616
fb09a5ad297ba2e8e8ff82c27e6f20d52cd16c55ab4681390a7584bc353c3bfd,-1.0166742600226948,-0.21304658675914173
08cd327ecbeea5fa0c2741ae7d99d1e7ba0175c76061bd7acccec43681252422,-0.955712617925037,-0.055261945779007574
33cba0ec985f663a9ae384270b144d189e7b5c2f87cec5db077f4e706d6ac6f7,-1.02002930607765,-0.23773661878913321
687ae81ad560a604554f8e8568cbdd403f0066954a32ed18470e9d13f9a130ee,-0.9582585402346274,-0.08229981713348504
5fe97532c49317656b7ad97752dafdc29cfc906eb0deeeab30a7208dd903a214,-0.941652847041551,-0.022254941705642007
bd93f761b9f076745585e8d8ed363fb6ffa6602ca6e0e3e7f576e090e2fc67f6,-1.0159899826479541,-0.20160803952552483
c0fe4b203c0d6d9d39b57a94c255d9bd01d1c419213c27364f79f8a03fa4c2b3,-0.9595118346909638,-0.11627936039546297
29bd0dc5b00a4e801de05894665325bdc4c4e504bd62d286a5cb043d52471478,0.18553778130856402,-0.23774379105085772
07a3f5464a2e94c9eb3414a47b61284421d7bcf89908ca03bdb44ea8e0e8a134,-0.967846427576825,-0.06943698626082206
a94d11a8418e61ac25883d860f2259e9a6cb8e3eaf1e00736867b0428b1b7cf3,-0.9588962421957217,-0.10241628725273917
ecc68f634f3ecb12d05c29bf3f733d26d9b5ff7dfc7bd0cbebebdf4186cd33ff,-0.9611829450066539,-0.07453553318615914
6f3b814e2d62b411860555016eea7106ca6648b903ab634028dacaa9c7e35c27,0.42019187013432796,0.8958423954802627
d1baeb724f95459c420f1085beb26365765cf71d598d9c5f52cf0ccb65c8ee71,-1.0313238317736277,-0.28784760585675206
74c140e90c4af3e2fa9a0f04e44484cb899754a4d2a71ab6c4ebb78663058b83,-1.004635817181553,-0.2540714783071377
46ab7c911e4e39c1ffde9f1a17ca42aace1f6b098bab6c9415d46d6e9dfa5c32,0.15426788396359728,-0.3501628824357475
b3176c8302408c850041f662947cb498b5bd6a55f5746addd4aa094e28a13598,-0.9700651797675898,-0.0948625179769841
d20144b57a4d5d91cb463e151ec628e6cbff003d22dca7f463e04fd5085fc74a,-1.0272795337748233,-0.24585150554700783
6fecd2c150c5fe474b31b2b4b68e5d7dc9d22f51dd5c781d801b58102a71a570,0.9899145169184208,0.8821993886623721
10778c83ac2a8035d217a7c6ea87616f31adc7b876ebb872f9be975d7e878fe1,-0.9477527499914781,-0.05570650623033463
ecffcad800ccfd24dc6f43ed2f19a6fce9af5d9ff9ccea00909a78e350f89cff,-0.9725538663551556,-0.12636694168015478
eaec681bc0bd138e5c8eead2868e1010fcd31895a15506d548f48ef84dc55b7f,-0.9582669223214029,-0.08248858077656115
f909d5deb6e514601b9ea4e584cb11c80ef2af992788b360acd18ea767770756,-0.9583349230518212,-0.08401994950966689
7c9262590508fb84938b8651d7096ad2dc9eaae7b42dbae1eaa939eecdd7a55d,-1.0126918831898233,-0.21166922705510263
6c1ff3d6e64d01dcd1f8d435167f8775ab8867978b1b208a6441c7ebe76a414b,0.6184335226472526,-0.6188552384212317
67c74d676d37be042b55f625d5f94f27253ef82e0eec08d122e2e749467b383d,-0.9567884561292501,-0.07948970006454262
a8a256ed0e31fefaeff2c1e72dcc80c385537d2bd7ee877eb13a522b9f7c9be7,0.10957592702637325,-0.4724703906436399
2158d8318e642d2f22bc98754efcd6075f8d7e451c4beb6aab1b85f45e8e7926,-1.0176688606912931,-0.26395669842458197
e3babf03fcee8ef43de6a75c122b73465254a4b3e46ebea731799f3c41fb4f6e,-0.9478103910942731,-0.05700457732485434
f6783381187e4117949adc675bfcd689398b71d48445fa9a13970d3130a6f016,-1.0315062367445873,-0.29195534510561005
ec3a5f0ef5f2d9ac1f1c05c1ef771ee6a56dd9a74241b72179a0e15ca6d5bb69,-1.0311508286093025,-0.2781960999122261
dfd5515addd8d856f9e4f8d19f1bd2ddeafcc5dc830bdeb1d730fe45f50a5d4c,-0.9584577075319863,-0.08678504207086582
fdbd5fd8b2da6f4452bace9d9475d1991ed42fece6b67099276e7b964cb30fc4,-0.958393932088292,-0.08534882631535273
2cabc9e0a4844eed4472cd9c639e0df501196d3dee945f1e8ee1e478953c8c18,0.10990710029927118,-0.4462273845676433
1d7cdfc201d7d7c30163a689b17222df44e466ca292746bd45e7043b9c17f6f3,-0.958804201080035,-0.10034353177121022
9d3aeff5ce88059717e863bf9a8d654e96b3629f7669bf213f0c2bc13e8ae53f,-1.0160239525347028,-0.20007466864419263
6a26105ae0cd8ad9aaa68f042dc689b13f6d43acecd107b8d99fdcaec75ae81e,-1.0140416077430385,-0.20681188946968912
823049e3568d9d97941706ee3233d9402a41f36de5e15835394b033e8411b397,-1.0144211605070288,-0.21535937464760413
49731da71e8f561d730afed24116b5091a16434b2eacc0c74306d923c25ccd80,-1.0200405066799412,-0.2379888550818106
5054d789233cdc9d7849eeb384961b1af82d2625bad63115462e881900336274,-0.9715703057502234,-0.07967675259764331
181ae12e4595b81632076271cb80b8c3906384840752213aaf9a712be8ec0833,-1.0310474083334014,-0.275867087033834
c5fa4d37cd3dd3d1169c13799e05c9a7ef3b04bb318a189f3054efb45930e0dd,-0.6362969362095302,1.258223870282053
91b91930558993600d66666c48403b3f424707f808a85f13d00955824f2a5548,-0.9481923487066949,-0.06560621941657217
a333992c42c621d203290587860c20ed0e75259e356202507a8df3df674e43ef,-1.0139337823436925,-0.2043836737111594
feec91169df886e0b49f9625deb4fbb8614e0002788d8f88fbdbc3f80d464b28,-1.0205799816514909,-0.25013777022789524
7ae9653a0092ed287d5699446e43ed1899dae68243d4b7383f4db48599b05e7c,0.18584717105988527,-0.24015573615821525
37dab8b27a7e7002633db0b20f1cea979bbda141eee9591aaa60746f1802eb7a,-1.0311256740131165,-0.27762962126036206
c9c3173a9419e0a0cdf71cd95758fb9318c919a7ad94b3cb003078782c5f9748,-1.0025849137797307,-0.16785537157682867
1295e0ebeeba540bef6c0e12143b1125289c1b1c097b72507fa11daea179529e,-0.9484353540511092,-0.07555819507003042
6a61deec2ed2fa0e181a256914e82e26d483307d70e344014c6e6b7c2833aab1,-0.9591142378814841,-0.10732552536055144
1d5194daa176efc923aac470448e327bbd7d5a1129f84dabc9f1ac19520d59b1,-0.7067466935208602,1.0538506374761598
71f7beafcb09da1a8e4f0b4be1e65f722a63792c5254d3d4c713f733f5dbc9e5,-1.0042584666400265,-0.21706176946514447
0ead0b1e4c34d9b3b224e08c65aad59380c03f494f31b5c13150315b204614bd,0.16804338576513964,-0.32355763688340883
e5a7a694e8c6d4c9e61e7da4aa5ea2a6f4abc1cab7fa4a43f7846a25f60b105e,-0.9725497604679788,-0.12051898325255293
5666e4a942fffe3754b73699511d1994cb71fa54c4409023c287bdee6282a16f,0.4093606321319239,0.8596217201413884
a05ddd546facdc72984a69a6cfdf9884691694d38fd7039954d47d04734b45fc,-1.017115483633342,-0.2457392155559157
0885efef7a85994ae5364774a3fa93ed8f36f76cb669a880761ccac582b56ea0,0.17920174971311714,-0.2765129458795867
f4865d1cd878bd16774f8e1b1e30bd3d055f7375350f11316929119087d7159a,-1.017682129153193,-0.25850000836674686
4d7e4b3c4cb18d739011d9083cd26ba0f2b0369b709e06631267677eafda57f1,-0.9561931767860163,-0.0660840768001525
d08b4ade6550d1dc95c09ff3fe9bf632f5eda50e0c4765aaf83de875a310dccc,-0.6315275525211037,1.310056156811566
af34cf7bf930362423e498ba0ca1c93f24cc11a42de37db59e5cfe120c1120f7,-1.0196113943372684,-0.23574591314137824
1ef44e06cef6c47270296eff5403f728aab42647ef5d4ec3ad64a3ba97f823ee,-0.9453841958608722,-0.09207098620002976
0b749faf34ea949dd29cd76ad5c771c2666765f4b64bad21e0b7932c6ff0b6c9,-0.7072456947076801,1.1034718941710664
17c5ca5efefb2d44bbd4c89cb0305ad09f99400f0fbaeee3508c8f5a02d56c46,-1.0147845931374282,-0.22354383624618876
b46ca52c3f3bf52ca6c253b073cc657853b5f6c59fa84f2fb93505f390762b43,-0.6364330170910582,1.2279951138369332
2ec2e7363fd016ba9519a758aa7f5db57802dcbaeec448a7e6bfa4b73d00dadf,-1.0193964364479942,-0.2511567621445433
ec46db5fbf898b7de9c12d684bb9f3847763b9a65072398e6da7f3a9945499e7,-1.0200401312346725,-0.23798040009696136
93fbce46b2d951f0ae65aa16498aa7615fc1fd6c15e971de1ea9517731bb2fe7,-0.9457568001448868,-0.03977798089460345
e463d32cd5f520f2cbc93b2e2f130c53866bdd5fe463b1431eec6424a917cfa4,-0.6340525384372196,1.2984404451122316
451bb303153415da5afbd662d783a53b773f465da71e44c1c75dc4e9c9fb3097,-1.0177367262007904,-0.26548502199788665
5e232f6e676a8618f5bdc4c12148c67e9bccb65af447d29482ff706eceba0b6e,-1.0169241541320442,-0.22264547534853868
216489d05aa54ecb7f426937618d0256ed7074fdbc1375138e9e9fab0ce18f66,-1.0303259803441878,-0.25259699281271886
efc5a98a13ac9c8733ad735de0f4937b27e40441b7a059dd1a51892b5d2b2f95,-0.9547907154060109,-0.05904132151930433
e042b6d9a219a53392f3b94bc3293ae3a4dc5464d2b73cfb1bbac0b732f97df4,-0.6459160645050908,1.2735148871212032
428c5d651f5a2f43f55f1e02def397e554f75c0052bc2cfc6546f8ccf399e160,-1.0314962243813404,-0.2917298678213716
0279b76c3727a32e6785e8d121404fc5bda17855140678fa4900b03952672897,-1.0150020613959239,-0.21461314640047863
76af8d8c5fef75a92cd8d0388b5198169fcdede33dcd20109769fdbced4530ae,-1.0158526767178309,-0.24759695728341
8d1eccf4393df2658e8ad9092a50957411764f36c00869c67a84c66f38c50848,-1.006950812153096,-0.22682786048724696
9358f21d7e9050282b18958ee6e2092b64590f45505779d2fe8886f9cd70409e,-0.7109928409601582,1.0867557464540964
9654c40f979150a393a80d6356fe72d2f138f4a1a52db2fa5e2a6f8e8b932dc3,-1.0314905469498026,-0.29160201270734953
dc1827198539361b91487caaa8dc1ae44e9a898aec36c9b93e6f27e394c975a6,-0.7055837117997038,1.1301870951657116
46aaa98df3866260f26c7c0cd7dc892235d608041c1aca5ada1d57b1e1d8f031,-0.9710699832955002,-0.11519221053594654
7b31a8c2bf7011c7928cffb9f8225075e7ec2d638ce94e09dbc0032aacaef953,-1.0275046595579285,-0.2509213126379362
aeb22f0dffd6635c319d3de4e465d045b827b1ae490d844ddb749c616b78807f,-0.6492207350404577,1.2481751133639347
73af4232ce27d5eefab9ccf9c77b3678b3beab9d675852c645ce6b93b1a41c2e,-0.9587924647566098,-0.10007923109936939
37a308088cc7793d61413571e197ecf18e4b9fbc96fa88471da4cc07c44e693f,-1.0031019589246162,-0.17044813268051467
a05a86ad99266c82bbb2a7019826ce2d8e64569cc3b4f5bf8fb4467f9bb8fe66,-0.9436078760431095,-0.043637344471591705
32dbbdad6a65b3a6c2c42c3c3f2f08a1a03cdcc428a399895cdc4da54cecd082,-0.6348744184100416,1.284357906298947
c1af7d05b320a9191f51fb1d73a0f63ba9942a4a2df762f146c2a3b95846d602,-0.958407100906906,-0.04974046853211968
8fdb1bcace6f6f8e80055bfaa0d807bc24b11f10c6bd8ae06505205808a72979,-1.002791420731236,-0.18153752981457694
f30255a3052faa7bc5c58757c55cb2f76807f0edfe77bdc74ff7ed2e9a90c80f,-1.020413163792669,-0.2463810509757393
a82392610e8dd76bf440b1569735e8fb067acf62f49150816d466b037a5e9351,-0.6458770057880849,1.274394484996257
95f14ce5d306594a11b21d5a2c2802c0043fd360ef5e2602c4ecbccc4de4a872,-1.0178275702875963,-0.2717890663186703
e688eb037a9fb9c08cbe34573a28bea8275dab5439b44b9f76cc72223f14316e,-1.0174218128261419,-0.25839320853343
ff4ad7a26c1ef7ec42bf5ec66888c43203f44bac4e9d532c43affbd9273a724e,-1.0158790870692365,-0.22135283066171513
168c6e1e4a2621661c4aac3eeaf3d80dc1c85ad5c3b0f1133567a93daab56141,-0.6413679426600766,1.2557009655099811
d6c8aa1a00dbb28f1da7eb2ddeef4857539217bf35e859d36afd48da9547229f,-0.9685248716229615,-0.08471546919804492
62143169b2ff12a7957c6696944de8180d5f157d50feb08a174b598ecbf50aa8,-1.0132593272427746,-0.21373553722985253
638802b24091a361dc5bd8307c1cf32ccd2b25186a0013fab43ad3a85e8a2310,-1.0041422892888605,-0.24033357159163854
b407d13646b36bab550411db9d8518e97b77423f207174f21239f4345c84e5b9,-0.6307113396791468,1.3212246504241172
f76290ebfee9eb24b008ee9ca0f1ffe04f91a0765cb63e9507de3529d5a58c7a,-1.0175938378443192,-0.21056244612726785
fddd67a0bf83a52f3bda9628dc4a135f68b861d6d78883a9097c236cac604699,-1.0200322809379156,-0.23780361230476044
bb681d794aa3c76ba31c8793f137d9283574753646719b10b2078280e639d108,-1.017148870463358,-0.22770606163159257
cb6939e7788b6d0dbc2af7d109f81b5d3b8620aab219aca63aca2400091d153b,-1.0174014777761065,-0.2521797711997511
7330d6e7ff8c0437dbe91bbcc697a98bc7db84a5fad5215b0d776311aba1538f,-1.027044567508234,-0.2405600918845972
929e736e55d27c040208bf588ba1b5b04ae29040c98648b7a97896c1e7761337,-1.0018928735466255,-0.17863036747067518
dcf91c24d786471341053667f2befa5479e0de07d9f5c48942129164fbef127d,-1.0312688860903152,-0.2866102353031387
a910c2add4cb3ce618ca55334e2fe8187d7a85de394c8f3c7a7ef1c7baa300a1,-1.0038002690170895,-0.2175889809345444
df47ff9b1f99f8cd90611af78f8f85c2877f6e6e0a1ed51af3d32b018d335d55,-0.9722589949006248,-0.09518595412042272
9927093224db54d0f12eb623c291fc512a0f13cd87f19397bfa09e46e1968894,-1.020953822882695,-0.2585566323355509
5b7c4e7c04adea9f48e30ffe09f8b394ba3287e18cf5f9fdd33c2280aed96137,-1.0071938127684559,-0.23230020677232718
40320bac6233111923db1e891c4e192f7281fdfedaaf1022d2705f626bf86453,-1.0154502295163674,-0.19687347957295004
78e6b8beccbe97727e70fec55f9bbebdbc0d4fb1dd9d0b485fa0332839e941da,-0.6476652451158265,1.2832045699681023
7bda94d22d9e29809ebd7d9d50e13652793ad1ea54d973fd2418217a7b2990df,-0.9590271091462188,-0.08082288026649816
a52c30033717a0d549535425068220ca74a15cfeb32386990131866db90f9b9e,-0.941132385577019,0.0006456906015266647
20111ce6b342ac3ec8915ca278809a57bf12874b4c2bb351e555dcbafa008437,-0.6447048815249694,1.2762500745406675
ca05f198be14f2cf34be6ed081c9eb544642b1f084d2a4f5e58a0e252d1a4e1f,-1.0176675485510482,-0.2639271491751483
9dd67ab3a8a24aa2798393dd4a36c16bb03d0b0f613f2da99374d074d602f244,0.11166341318604026,-0.4557564493675558
7cda4b437e1a5b2a491ed015f91cae718bfe9e7c513eca697ccfb217149a8583,-0.6432954714723492,1.2628800988799997
1d5aeab411e9155b5e15270338a6de3931a22bdef9472781954ff04f32130217,-1.0312342061630126,-0.28582924727535014
f66944b5f183ab1db5d2688fd960431a1cc467e62ac99ab3171bac8e6056a0ce,-0.9453472688392228,-0.08091238552787944
ecabcde1ebea6c390eba9f4270650c04497a25e6babc80307d2c6842b6b07f55,-0.9411375361670197,-0.01065019928255186
a177364e7db4e5d7a942af2abe1f469e3895b23bdb54da4dfd41944a9090c84e,-0.947612844411366,-0.052555848441035266
9762355b775f0e7207db96d9d39fe5510102028941924074b74a108a726836bf,-0.94768945651209,-0.05428114425630571
433937d046f193c3406eca560aecdf74415cac7977c5e8908722728f2792fb1a,-0.946873422551309,-0.06620016222983856
fa6b282943cd8958550ac1cc73ac3413c660bfac0e6558940f1c0afe86b1f500,-0.9705576041578349,-0.10595185937082355
727db45f9ac0bec1a7f8c3d900790b9664cef1c445a937a9fa405197b2c97294,-0.96997969504311,-0.09293741168148814
00b79c8f0f8a5ac93fa441f42b1619846dd2aaa5ddf2b3c3c79c599e1202a16d,-1.031266538217202,-0.28080186715277067
5bf996b49298eb2fc838bc393d7a17a60d80647340028c64e0f9d0d1b3aa87db,-0.6950825926160903,1.118306648124604
ea33bd6615d4b5dd23f5d9ba3a23e590508117e945dc63d141385e23def58735,-0.6838317835193074,1.175446577355617
2fafa1f497c1b79eb94922287d8b1db9ce2d3a898f2f0bf953400ecf94a2e142,-1.0169009602072125,-0.21949943622135673
68f5a2013c298a1447d2dda53c5e83b4f598a35aa1610913b3e73ce230220ef4,-0.9588718649659033,-0.10186731480326298
1061775cf4568e13960e33dfdd4ee83c16a742c0fc4473c7ff1f5b7862f8ffb5,-0.9686062033837809,-0.08654705122313412
60a5d006db183b7a835cb6bb1f41af3ebd45408f2bc7ba3fdf48a9ba2178bc4f,-0.6341753621377846,1.2767352512051666
89ffb8897227b19e360019bd36424dd36aa4681c4eb995a443c8bfa0f2069094,0.16612126626491516,-0.28746650802827173
0c0b6a530965c03eaebeeb9c21e5d73127f765ce00c70b44e4d3b509b80eca06,-1.0033711598121324,-0.20105102198387328
c81b7680a68031ec12212760ad1d3971adc1f5fc08f80ac37cebfa19eda4660e,-1.0179481711978329,-0.2702467393390143
f1c4e9e123c2fa80339ad2a363ba133e4d936e6137d7b4696a83490dad648200,-0.9564387838260742,-0.07161511947368163
1c216b9c297273b5c220ccabba9d5fe11b3429d957b9856e2c6b7b2ebe399a2b,-1.0311754471549979,-0.2845060010821303
5c1f7c821363f80755976616bd3b789c76d3b60021ef846d34c293a3177df7fa,-1.027226222764406,-0.24202723306977159
0bb480303fa97577b8e25ae2c4ae8a2f04bff4095dc216a8c85dfceac3f5dae6,-1.0193157450411543,-0.2519633153901497
3bf88877e71fb1bd4e0ce2e76ca432d788a3fab38078be21d0cbb5633568a470,-1.0180556277164008,-0.2726666479442705
4e2353206c04c6a8c097252c89f6970594f0796676bba5fceed62603f0acd1ca,0.4823236564412891,1.0571109681430855
571a7461978f95114944695065e774a38f06528d287740791a21e64d4e897b5d,-1.0312081470312213,-0.2852423985842971
4fbebb5a4ea9d2c5da87f446aff48403f0409e2e8fe381f8bf1e5b47fa426207,-0.9571988414437776,-0.03965049905763152
8bbff0a749bceb9749c5edd90373270ff9109f069ef27c1370dfe5da43375ee4,-1.031489132600539,-0.2915701617224164
970485e6b8abe52d8fb4e0bf060fb6f0f4f8576cb7583d885a8dcac38f506389,-0.9617826328834573,-0.08804043612631066
